country,total_length,bban_pattern
AD,24,nnnnnnnncccccccccccc
AE,23,nnnnnnnnnnnnnnnnnnn
AL,28,nnnnnnnncccccccccccccccc
AT,20,nnnnnnnnnnnnnnnn
AZ,28,aaaacccccccccccccccccccc
BA,20,nnnnnnnnnnnnnnnn
BE,16,nnnnnnnnnnnn
BG,22,aaaannnnnncccccccc
BH,22,aaaacccccccccccccc
BI,27,nnnnnnnnnnnnnnnnnnnnnnn
BR,29,nnnnnnnnnnnnnnnnnnnnnnnac
BY,28,ccccnnnncccccccccccccccc
CH,21,nnnnncccccccccccc
CR,22,nnnnnnnnnnnnnnnnnn
CY,28,nnnnnnnncccccccccccccccc
CZ,24,nnnnnnnnnnnnnnnnnnnn
DE,22,nnnnnnnnnnnnnnnnnn
DJ,27,nnnnnnnnnnnnnnnnnnnnnnn
DK,18,nnnnnnnnnnnnnn
DO,28,ccccnnnnnnnnnnnnnnnnnnnn
EE,20,nnnnnnnnnnnnnnnn
EG,29,nnnnnnnnnnnnnnnnnnnnnnnnn
ES,24,nnnnnnnnnnnnnnnnnnnn
FI,18,nnnnnnnnnnnnnn
FK,18,aannnnnnnnnnnn
FO,18,nnnnnnnnnnnnnn
FR,27,nnnnnnnnnncccccccccccnn
GB,22,aaaannnnnnnnnnnnnn
GE,22,aannnnnnnnnnnnnnnn
GI,23,aaaaccccccccccccccc
GL,18,nnnnnnnnnnnnnn
GR,27,nnnnnnncccccccccccccccc
GT,28,cccccccccccccccccccccccc
HN,28,aaaannnnnnnnnnnnnnnnnnnn
HR,21,nnnnnnnnnnnnnnnnn
HU,28,nnnnnnnnnnnnnnnnnnnnnnnn
IE,22,aaaannnnnnnnnnnnnn
IL,23,nnnnnnnnnnnnnnnnnnn
IQ,23,aaaannnnnnnnnnnnnnn
IS,26,nnnnnnnnnnnnnnnnnnnnnn
IT,27,annnnnnnnnncccccccccccc
JO,30,aaaannnncccccccccccccccccc
KW,30,aaaacccccccccccccccccccccc
KZ,20,nnnccccccccccccc
LB,28,nnnncccccccccccccccccccc
LC,32,aaaacccccccccccccccccccccccc
LI,21,nnnnncccccccccccc
LT,20,nnnnnnnnnnnnnnnn
LU,20,nnnccccccccccccc
LV,21,aaaaccccccccccccc
LY,25,nnnnnnnnnnnnnnnnnnnnn
MC,27,nnnnnnnnnncccccccccccnn
MD,24,cccccccccccccccccccc
ME,22,nnnnnnnnnnnnnnnnnn
MK,19,nnnccccccccccnn
MN,20,nnnnnnnnnnnnnnnn
MR,27,nnnnnnnnnnnnnnnnnnnnnnn
MT,31,aaaannnnncccccccccccccccccc
MU,30,aaaannnnnnnnnnnnnnnnnnnaaa
NI,28,aaaannnnnnnnnnnnnnnnnnnn
NL,18,aaaannnnnnnnnn
NO,15,nnnnnnnnnnn
OM,23,nnncccccccccccccccc
PK,24,aaaacccccccccccccccc
PL,28,nnnnnnnnnnnnnnnnnnnnnnnn
PS,29,aaaaccccccccccccccccccccc
PT,25,nnnnnnnnnnnnnnnnnnnnn
QA,29,aaaaccccccccccccccccccccc
RO,24,aaaacccccccccccccccc
RS,22,nnnnnnnnnnnnnnnnnn
RU,33,nnnnnnnnnnnnnnccccccccccccccc
SA,24,nncccccccccccccccccc
SC,31,aaaannnnnnnnnnnnnnnnnnnnaaa
SD,18,nnnnnnnnnnnnnn
SE,24,nnnnnnnnnnnnnnnnnnnn
SI,19,nnnnnnnnnnnnnnn
SK,24,nnnnnnnnnnnnnnnnnnnn
SM,27,annnnnnnnnncccccccccccc
SO,23,nnnnnnnnnnnnnnnnnnn
ST,25,nnnnnnnnnnnnnnnnnnnnn
SV,28,aaaannnnnnnnnnnnnnnnnnnn
TL,23,nnnnnnnnnnnnnnnnnnn
TN,24,nnnnnnnnnnnnnnnnnnnn
TR,26,nnnnnncccccccccccccccc
UA,29,nnnnnnccccccccccccccccccc
VA,22,nnnnnnnnnnnnnnnnnn
VG,24,aaaannnnnnnnnnnnnnnn
XK,20,nnnnnnnnnnnnnnnn
YE,30,aaaannnncccccccccccccccccc
